ratio_loss_0.1,ratio_loss_0.2,ratio_loss_0.6,ratio_loss_0.8,ratio_loss_0.9
0.0049847248010337,0.0058832126669585,0.0016287879552692,0.0013869043905287,0.0013118509668856
0.0091062458232045,0.0028977505862712,0.0035604822915047,0.0014817973133176,0.0015043197199702
0.0033410713076591,0.0027353451587259,0.0015478450804948,0.0009223425295203,0.0008719135075807
0.0014643740141764,0.0016384605551138,0.0012422065483406,0.0006783803692087,0.0006458961870521
0.0013450386468321,0.001113181002438,0.0009487746283411,0.0006781691336072,0.0006931364769116
0.0014995452947914,0.0010463212383911,0.000827620155178,0.0005856193020008,0.0006071334937587
0.0014435766497626,0.0010313694365322,0.0008359153871424,0.0005382378585636,0.0005371228326112
0.0012422988656908,0.0009097752626985,0.0007587186992168,0.0004847282543778,0.000464022916276
0.0010219076648354,0.0008051149197854,0.0006879896391183,0.0004252534708939,0.0004380350874271
0.0008621837478131,0.0007125210249796,0.0006052960525266,0.0004182851407676,0.0004046891117468
0.0007341576274484,0.000643631152343,0.0005199494771659,0.0003902790776919,0.0003964473726227
0.0006999821634963,0.0005914805224165,0.0005098527763038,0.0003794296062551,0.0003634289605543
0.0006586745148524,0.0005487053422257,0.0004776691785082,0.0003795857774093,0.0003728881129063
0.0006623833323828,0.0005144661408849,0.0004794583073817,0.0003370163612999,0.000350084650563
0.0006191106513142,0.0005098705878481,0.0004601581604219,0.0003360808768775,0.0003400084096938
0.0006080316379666,0.0004825057112611,0.0004212964267935,0.0003098839079029,0.0003033142420463
0.0006015438702888,0.0004852249403484,0.000418713374529,0.0003328569873701,0.0003196496109012
0.0005587510531768,0.0004622953129,0.0004048248229082,0.0003073939005844,0.0002890508039854
0.0005379312206059,0.0004487722180783,0.0003846172767225,0.0002946044551208,0.0002928705653175
0.0004916439065709,0.0004363027692306,0.0003767475718632,0.0002901518600992,0.0002858226071111
0.0004790887760464,0.000421903852839,0.0003678470966406,0.0002846455317921,0.0002883514389395
0.0004580421664286,0.0004120817757211,0.0003614598244894,0.0002773695159703,0.0002828085853252
0.0004573118349071,0.0004039558698423,0.0003202660591341,0.0002726091770455,0.0002713751746341
0.0004373583069536,0.0003864750615321,0.0003124923096038,0.000262388261035,0.000267126597464
0.00043887263746,0.0003838670090772,0.0003234341857023,0.0002605601330287,0.0002581302833277
0.0004074250173289,0.0003567086532711,0.0003292110050097,0.00026922498364,0.0002562137378845
0.0003926056961063,0.0003500696329865,0.0003327233716845,0.0002530243364162,0.0002431016764603
0.0003859171411022,0.0003511918475851,0.000327504298184,0.0002583408786449,0.0002564709284342
0.0003821502323262,0.0003434515965636,0.0003244431864004,0.0002439043310005,0.0002436562353977
0.0003783567226491,0.0003394339000806,0.0003083010669797,0.0002299397165188,0.0002366506378166
0.000365878251614,0.0003410537028685,0.0002939006662927,0.0002319544146303,0.0002347703266423
0.0003737749066203,0.0003310955362394,0.0002853033365681,0.0002239586174255,0.0002287754177814
0.0003587342798709,0.000324349704897,0.0002728045219555,0.0002295206941198,0.0002217020664829
0.0003435578546486,0.0003283660043962,0.0002827469143085,0.0002147970080841,0.0002211321698268
0.0003345849690958,0.0003160780179314,0.0002795615582726,0.0002224649797426,0.0002049388567684
0.0003347471938468,0.0003099474706687,0.0002742858487181,0.0002138075942639,0.0002036089863395
0.0003222221566829,0.0003048879152629,0.0002713725261855,0.0002012270269915,0.0002189775987062
0.0003365229931659,0.0003079788293689,0.0002549714990891,0.000208790457691,0.000204523152206
0.000326855253661,0.000298389350064,0.0002757818147074,0.0002044257707893,0.0002019057865254
0.0003392759826965,0.0002985734317917,0.0002718577452469,0.0001897526963148,0.0001905012322822
0.0003058587317354,0.0002953291987068,0.0002476624504197,0.0002072993083857,0.0001871065906016
0.0003327543381601,0.0002809484140016,0.0002508385514374,0.0001965091651072,0.0001920368231367
0.0003285355051048,0.0002683795173652,0.0002528320765122,0.000195324915694,0.0001782025356078
0.0003093644045293,0.0002703573554754,0.0002590410294942,0.0001802134647732,0.0001850787957664
0.000295348057989,0.0002646331558935,0.0002467393642291,0.0001774363918229,0.0001853963913163
0.0002995874383486,0.0002647275105118,0.0002432395413052,0.0001771209208527,0.0001707846531644
0.0003155306330882,0.0002787567791529,0.0002240433532278,0.000177852489287,0.0001847787643782
0.000278530496871,0.0002677015145309,0.0002363327221246,0.0001764144981279,0.0001846899685915
0.0002803282113745,0.0002820458030328,0.0002227756485808,0.0001774038828443,0.0001756663259584
0.000281389337033,0.0002536980318836,0.000216407017433,0.0001748953363858,0.0001789927773643
0.0002866824215743,0.0002750245330389,0.00023794505978,0.0001700743450783,0.0001630837359698
0.0002712693240027,0.0002453665656503,0.0002255561412312,0.0001664631126914,0.0001543972321087
0.000291155418381,0.0002533785882405,0.0002199227747041,0.0001656097883824,0.0001539625809527
0.0002674161805771,0.000244374066824,0.0002290785778313,0.0001636687666177,0.0001677629479672
0.0002701833145692,0.0002516119275242,0.0002143717138096,0.0001539634249638,0.0001522354286862
0.0002611583913676,0.0002486585581209,0.0002156229020329,0.0001520651858299,0.0001551875611767
0.0002683497150428,0.0002341326908208,0.0002087790926452,0.0001502174127381,0.0001515344483777
0.0002616399142425,0.0002299700427101,0.000206522148801,0.0001549673615954,0.0001582515687914
0.0002462471602484,0.0002412789617665,0.0002136450348189,0.0001537766656838,0.0001483607193222
0.0002483215939719,0.0002406440034974,0.0001958696229849,0.0001504497195128,0.0001456255849916
0.0002668610250111,0.0002382290404057,0.0002081319980788,0.0001413533318554,0.0001529092842247
0.0002535035018809,0.0002370088914176,0.0001988428412005,0.0001468181726522,0.0001452378346584
0.0002540593850426,0.0002360544021939,0.0001938494533533,0.0001378230226691,0.000135946116643
0.000244676542934,0.000229528377531,0.0001910454593598,0.0001376108557451,0.0001350122038275
0.0002471034531481,0.0002195237320847,0.0001887470425572,0.0001345527125522,0.0001447933318559
0.0002477575908415,0.0002243916824227,0.0001774752599885,0.0001465350796934,0.0001300215371884
0.0002292167773703,0.0002149656356777,0.0001945760159287,0.0001400208566337,0.0001285462640225
0.0002357221092097,0.0002085687010549,0.0001817705633584,0.000137686234666,0.000135726557346
0.000236541221966,0.0002222355105914,0.000171322535607,0.0001287132326979,0.0001355794374831
0.0002233519917353,0.0002053691714536,0.0001764259504852,0.0001359472225885,0.0001339709269814
0.0002314871380804,0.0002128558116964,0.0001677760010352,0.0001249401830136,0.0001282503799302
0.0002177680726163,0.0002012444019783,0.0001653947401791,0.0001307088969042,0.0001237648975802
0.0002373004099354,0.0002136335824616,0.0001802086480893,0.0001225089508807,0.0001294376852456
0.0002361173683311,0.000201992545044,0.0001795278221834,0.0001341056486126,0.0001238530530827
0.0002225227071903,0.0002051637566182,0.0001627992314752,0.0001268815103685,0.0001226952299475
0.0002137212868547,0.0002024522982537,0.0001688481279416,0.0001253915252164,0.0001212660426972
0.0002206516801379,0.0001962802198249,0.0001734951802063,0.0001241859426954,0.0001244475570274
0.0002135605318471,0.0002021321561187,0.000154305336764,0.0001284876925637,0.0001214080984937
0.0002242454793304,0.0001997947547351,0.0001644256408326,0.0001229536428581,0.00011582839943
0.0002057113451883,0.0002073302748613,0.0001681624562479,0.0001161289401352,0.0001199925027322
0.0002090383641188,0.0001979023218154,0.0001602953561814,0.0001158724626293,0.0001198883692268
0.0002093828225042,0.0001872153370641,0.0001523525570519,0.0001179089813376,0.0001182779669761
0.0002052120980806,0.0001844088255893,0.0001451029384043,0.000112512607302,0.0001136362698161
0.0002055723889498,0.0001927236444316,0.0001533436006866,0.0001162577464128,0.0001209534384543
0.0002128581982105,0.0001911195577122,0.000154429115355,0.0001146776194218,0.0001155526915681
0.0002109018969349,0.0001776348799467,0.0001457700709579,0.0001146513750427,0.0001189270915347
0.0001999051455641,0.0001878735638456,0.0001514632022008,0.0001132597972173,0.0001140648382715
0.0002074941439786,0.0001935308682732,0.0001559089141665,0.0001140171734732,0.0001073022576747
0.000199331290787,0.0001779650337994,0.0001547928404761,0.0001115821069106,0.0001047631958499
0.000196288441657,0.0001811140828067,0.000153039683937,0.0001148161463788,0.0001043074880726
0.000192975916434,0.0001800045283744,0.0001519343495601,0.0001093705941457,0.000113592352136
0.0001838089083321,0.0001693192753009,0.0001388268137816,0.0001058413909049,0.0001031538195093
0.0001853777939686,0.0001783671905286,0.0001434256555512,0.0001086877164198,0.0001027039324981
0.0001878200273495,0.0001659617992118,0.0001415181468473,0.0001113327671191,0.0001004976948024
0.0001898980262922,0.0001686738396529,0.0001409724645782,0.0001045538083417,0.0001049223938025
0.0001940150104928,0.0001810336834751,0.0001305025652982,0.0001099408182199,0.0001046770339598
0.000177319656359,0.0001725138281472,0.0001388393575325,0.0001084651303244,9.84028883976e-05
0.0001809810928534,0.0001783525221981,0.0001350179663859,0.0001006892853183,9.83548379736e-05
0.0001809324021451,0.0001678972912486,0.0001361941394861,0.0001004583318717,0.0001029374470817
0.0001814679708331,0.0001693991216598,0.0001343080366495,9.89936015685e-05,0.0001057077897712
0.0001806288346415,0.0001683770969975,0.0001308158971369,9.64851060416e-05,0.0001009532716125
0.0001853012363426,0.0001732289529172,0.0001397797022946,0.0001001519995043,9.64817299973e-05
0.0001760234881658,0.0001659366680542,0.0001298616989515,0.0001004081277642,9.93762805592e-05
0.000176490022568,0.0001612787600606,0.0001323384931311,9.57830052357e-05,9.8519558378e-05
0.0001752242969814,0.000161937190569,0.0001317630521953,9.72027701209e-05,9.55520445131e-05
0.0001739932049531,0.0001592610205989,0.0001337792928097,9.81464108917e-05,9.42999176913e-05
0.0001794238050933,0.000153495799168,0.0001337460416834,9.59505559876e-05,9.29166635614e-05
0.0001713586389087,0.0001517018099548,0.0001232210488524,9.2710404715e-05,9.18861769605e-05
0.0001681321591604,0.0001580239622853,0.0001294672692893,9.2876391136e-05,9.96642920654e-05
0.0001685275055933,0.0001556614297442,0.0001280670112464,9.4405026175e-05,9.17895958991e-05
0.000168328435393,0.0001619231188669,0.0001298838178627,9.49034802033e-05,9.48267334024e-05
0.0001669634657446,0.0001526596897747,0.0001259057316929,9.31836839299e-05,9.40700119826e-05
0.0001650341146159,0.000159109942615,0.0001248813059646,8.76507547218e-05,9.00674494914e-05
0.0001630938204471,0.0001506871485617,0.000122147728689,9.27894143387e-05,9.02251704246e-05
0.0001631152699701,0.0001571704342495,0.0001208274043165,0.0001006991951726,0.0001810677931644
0.0001619955583009,0.000150682622916,0.0001270701759494,9.33272967813e-05,0.0001035968452924
0.0001530276640551,0.000149216139107,0.0001232599461218,0.0001080505462596,0.0002541845897212
0.0001668228360358,0.0001387832744512,0.000125323771499,9.29158704821e-05,0.0001927372941281
0.0001534191396785,0.0001430184638593,0.0001193600182887,9.72740381257e-05,0.0001215593947563
0.0001597928639966,0.0001459879276808,0.0001207287132274,9.71064218902e-05,0.0001596796792
0.000156900336151,0.0001514368050266,0.0001207199165946,9.07216526684e-05,0.0001661437709117
0.0001549313019495,0.0001421883935108,0.00011273886048,9.91211272776e-05,0.0001379644672852
0.0001548845029901,0.0001386432268191,0.0001164160566986,9.55317300395e-05,0.0001165630528703
0.0001540127268526,0.0001378191518597,0.0001145862042903,9.39509409363e-05,0.0001151150572695
0.0001526908017694,0.0001470803108531,0.0001225293381139,9.67836822383e-05,0.0001320129085797
0.0001465161330997,0.0001349644007859,0.0001130640739575,9.24082123674e-05,0.0001240597921423
0.0001436680031474,0.000140376665513,0.0001163077686214,8.77018319442e-05,0.0001104985640267
0.0001504412502981,0.0001319916918873,0.0001202361236209,8.67681155796e-05,0.0001045582466758
0.0001437226019334,0.0001330444938503,0.0001104626717278,9.02066676644e-05,0.0001040187053149
0.0001485295215388,0.0001318006543442,0.0001088542994693,8.38505657156e-05,0.0001073453749995
0.0001473920565331,0.0001335755077889,0.0001094566978281,8.33058657008e-05,0.0001031585634336
0.0001465656678192,0.0001272857480216,0.0001085562544176,8.73098761076e-05,0.0001031434221658
0.000145334895933,0.0001354189589619,0.0001136024584411,8.02468275651e-05,9.78486568783e-05
0.0001468064729124,0.0001333270338363,0.0001135785641963,9.02018873603e-05,9.99630356091e-05
0.0001453617878723,0.0001259806449525,0.0001063587696989,8.33214289741e-05,9.64161881711e-05
0.0001436546153854,0.0001309821673203,0.0001139837258961,8.62994347698e-05,9.31895920075e-05
0.0001380750327371,0.0001365169737255,0.0001063179661286,8.25684983283e-05,9.96178714558e-05
0.000143887795275,0.0001352845429209,0.0001116746789193,7.83748982939e-05,9.40141326282e-05
0.0001482279621995,0.0001319822040386,0.0001100060035241,8.15311213955e-05,9.17423749342e-05
0.0001473294978495,0.0001293305394938,0.0001047510595526,8.19353444967e-05,9.03450418263e-05
0.0001417881285306,0.0001274235692108,0.0001079079011105,7.86666350904e-05,8.99581937119e-05
0.0001407735835528,0.0001251222274731,0.0001080876681953,8.2183505583e-05,9.14407864911e-05
0.0001335506240138,0.0001337402936769,0.000107452928205,8.35650498629e-05,8.46029797685e-05
0.0001344663032796,0.0001250962814083,0.0001077681954484,7.97866377979e-05,8.45796748762e-05
0.0001389973622281,0.0001208871835842,0.0001089563738787,7.92740756878e-05,8.34856764413e-05
0.0001385434297844,0.0001230167108587,0.0001097929780371,7.8807977843e-05,8.61215521581e-05
0.0001426281814929,0.0001241038989974,0.0001067696648533,7.88843244663e-05,8.82358581293e-05
0.0001327496720477,0.0001248437911272,0.0001075459877029,7.55318105802e-05,8.09410121291e-05
0.0001356421998934,0.0001232213689945,0.0001039222843246,8.48387426231e-05,8.16353422123e-05
0.0001346731296507,0.0001191477349493,0.0001054446984198,7.6801792602e-05,8.63826790009e-05
0.0001398955646436,0.0001194659707834,0.0001027254111249,8.00265261204e-05,8.35781975183e-05
0.0001341478200629,0.0001227782777277,0.0001021413991111,7.31416221242e-05,7.95290179667e-05
0.0001387059455737,0.0001185708097182,0.0001041836803779,7.81578273745e-05,7.89936821092e-05
0.0001271318324143,0.000118951073091,0.0001036333705997,7.6364747656e-05,8.16976535134e-05
0.0001246690371772,0.0001143515110015,0.000100680765172,7.67573073972e-05,8.15490930108e-05
0.0001333463296759,0.0001147721050074,0.0001072765007847,7.45505603845e-05,8.08082113508e-05
0.00012563362543,0.000112511057523,9.72677808022e-05,7.73001083871e-05,8.05234740255e-05
0.0001307718484895,0.0001169673414551,9.66489824349e-05,7.1577145718e-05,8.24843809823e-05
0.0001346346543869,0.0001119531953008,0.0001025944657158,7.40687682991e-05,7.57328234612e-05
0.0001286626211367,0.0001100732188206,0.0001008399412967,7.36986694391e-05,8.17551044747e-05
0.000128465850139,0.000109650165541,9.91452980088e-05,7.23201956134e-05,7.48333113733e-05
0.0001282000885112,0.0001157022561528,0.0001110936864279,7.68394966144e-05,7.46367149986e-05
0.0001261850702576,0.0001186177323688,9.89354011835e-05,7.58295936975e-05,7.80838017817e-05
0.0001275660761166,0.0001089947108994,0.0001047425612341,7.99071422079e-05,7.76680681155e-05
0.000127302846522,0.0001145240676123,9.64463833952e-05,7.42515985621e-05,7.98919500084e-05
0.0001264835591427,0.0001133846526499,0.0001055683096637,7.28409941075e-05,7.74579093558e-05
0.00012495626288,0.0001132506877183,9.34698618948e-05,6.97603463777e-05,7.66138036851e-05
0.0001195373188238,0.0001129374795709,0.0001049775528372,7.73441497585e-05,7.26351427147e-05
0.000122981815366,0.0001097637141356,9.84664729912e-05,7.13271292624e-05,7.36360088922e-05
0.0001280721626244,0.000112351073767,9.21072569326e-05,6.90479646436e-05,7.54149077693e-05
0.0001171168405562,0.0001140089007094,9.1988054919e-05,7.05033307895e-05,7.42960110073e-05
0.0001186860754387,0.0001088303397409,0.0001063125018845,7.09757223376e-05,7.52224805182e-05
0.0001159708263003,0.0001108362121158,9.62228223215e-05,7.05673155607e-05,7.70314945839e-05
0.000117710987979,0.0001075815962394,0.0001036016328725,7.19138479325e-05,7.40100513212e-05
0.0001144185080192,0.0001146064023487,9.84593498287e-05,6.61671874695e-05,7.25572826922e-05
0.0001196117009385,0.0001015727902995,9.5172013971e-05,6.60569203319e-05,7.59576359996e-05
0.0001193009011331,0.0001088237113435,0.0001035471868817,6.85782651999e-05,7.06467253621e-05
0.0001140722888521,0.0001069952559191,0.0001084594478015,7.31301697669e-05,7.54269276512e-05
0.0001141819375334,0.0001042765943566,8.84341570781e-05,6.88770305714e-05,7.30775136617e-05
0.0001133715486503,0.000100974808447,0.0001018788607325,7.48521924833e-05,7.00808595865e-05
0.0001228948240168,0.0001017842587316,0.000101675701444,7.13253539288e-05,7.04245176166e-05
0.0001226960157509,9.99936310108e-05,9.24555497476e-05,6.59229190205e-05,7.17897783033e-05
0.0001166537913377,0.0001001988275675,9.57114389166e-05,7.13276313035e-05,7.21549004083e-05
0.0001122069443226,0.000103769270936,9.4520044513e-05,6.56589545542e-05,6.98242947692e-05
0.0001168831659015,9.93658759398e-05,9.19334561331e-05,6.69336077407e-05,6.96167408023e-05
0.0001091532976715,0.0001033458975143,8.7301727035e-05,6.82720856275e-05,7.13642220944e-05
0.0001105912742787,9.66876541497e-05,8.98736907402e-05,6.89826556481e-05,7.39598035579e-05
0.0001131333410739,0.0001050985083566,8.49699281388e-05,6.55437324894e-05,7.3455797974e-05
0.0001138989755418,0.0001004147343337,8.68953502504e-05,6.60133955534e-05,7.122111856e-05
0.000107306150312,0.0001013840956147,9.18960868148e-05,6.92848334438e-05,6.79906952427e-05
0.0001121512032113,0.0001006184611469,8.86337729752e-05,6.84080296196e-05,6.88890359015e-05
