0warm,5warm,10warm,15warm,20warm,25warm,30warm,35warm,40warm
0.0320842266082763,,,,,,,,
0.0034311276394873,,,,,,,,
0.0021904148161411,,,,,,,,
0.0016388001386076,,,,,,,,
0.001414805301465,,,,,,,,
0.0013464480871334,0.0058832103386521,,,,,,,
0.0013777979183942,0.0028977352194488,,,,,,,
0.0012796279042959,0.0021194573491811,,,,,,,
0.0011642011813819,0.0013168179430067,,,,,,,
0.0010359229054301,0.0010679671540856,,,,,,,
0.0008898613159544,0.0010359736625105,0.0016287879552692,,,,,,
0.0009345132857561,0.0009248389396816,0.0044236397370696,,,,,,
0.0008491589105688,0.0008155597606673,0.0015556262806057,,,,,,
0.0007823869818821,0.0006904966430738,0.001409396296367,,,,,,
0.0008174311951734,0.000632511684671,0.001167454291135,,,,,,
0.0007259988342411,0.0005762109067291,0.0008817997295409,0.0016245756996795,,,,,
0.0007577660726383,0.0005416181520558,0.0008341192733496,0.001954473555088,,,,,
0.000794859835878,0.000519513268955,0.0007827246445231,0.0014187183696776,,,,,
0.0006106529035605,0.0005006074206903,0.0007282904116436,0.0009117392473854,,,,,
0.0006540509057231,0.0004898473853245,0.0006273696199059,0.0007763673784211,,,,,
0.00064392760396,0.0004806658544111,0.0005749405827373,0.0008064634166657,0.0015010992065072,,,,
0.0006087900255806,0.0004358434525784,0.0004963589599356,0.000748109887354,0.0014926667790859,,,,
0.0005858116201125,0.0004272623627912,0.00049389898777,0.0006557769374921,0.0009448438649997,,,,
0.0005745268426835,0.000431552180089,0.0004627298912964,0.0005743242218159,0.0007397177978418,,,,
0.0005355705507099,0.0004054849850945,0.0004512154264375,0.0005225311033427,0.0007036776514723,,,,
0.0005131633370183,0.0004069721908308,0.0004150222812313,0.0004637993697542,0.0006270377198234,0.0011248235823586,,,
0.0004992336034774,0.0003875149996019,0.0004218060348648,0.0004500200157053,0.0005668255034834,0.0016171038150787,,,
0.0005156332626938,0.0003913845284841,0.0004080830840393,0.0004304725734982,0.0005060541443526,0.001154322293587,,,
0.0005124775343574,0.0003718218940775,0.000392377958633,0.0004097359487786,0.0004503963864408,0.0008781006326898,,,
0.0005241890903562,0.0003860972356051,0.0003747164737433,0.0004124864935874,0.0004314995312597,0.0006755560170859,,,
0.0004981121164746,0.0003756147052627,0.0003776436496991,0.0003871856024488,0.0003920507151633,0.0006746964063495,0.0011172153754159,,
0.000452945329016,0.0003348440804984,0.0003719709347933,0.0003877689014188,0.0003907581558451,0.000653643219266,0.0012946828501299,,
0.0004771632375195,0.0003601339412853,0.0003608289989642,0.0003659536596387,0.0003709789307322,0.0005932939820922,0.0008786665857769,,
0.0004540869267657,0.000325719214743,0.000330640526954,0.0003571694542188,0.0003905412741005,0.0005207559443078,0.0006609963602386,,
0.0004937761696055,0.0003265875566285,0.0003570973931346,0.0003268997243139,0.000373039918486,0.0004797039437107,0.0006128154927864,,
0.0005301064811646,0.0003268122673034,0.0003141764027532,0.000319235259667,0.0003425404138397,0.0004169437743257,0.000588183873333,0.0010972800664603,
0.0005055087385699,0.0003061459865421,0.0003211258444935,0.0003258630167692,0.0003484949411358,0.0003903276519849,0.0005082057905383,0.0012489666696637,
0.0004280541907064,0.0003201304934918,0.0003283164696767,0.0003424458845984,0.0003335826913826,0.000419712945586,0.0004696254618465,0.0009250241564586,
0.0004512886516749,0.000315235753078,0.0002995941613335,0.0002966288011521,0.000322909647366,0.0003843778104055,0.0004412049311213,0.0006194587913341,
0.0004412126727402,0.0003200286009814,0.0003126636438537,0.0003053838154301,0.0003105362702626,0.0003870254731737,0.0004050666466355,0.0006289956509135,
0.0004146503051742,0.0002932722272817,0.0003246142878197,0.0003092723782174,0.0002974174567498,0.000384087790735,0.0003976343141403,0.0005694560240954,0.001042682910338
0.0004270813660696,0.0002837054198607,0.0002808683202601,0.0003155259764753,0.0003063530893996,0.000358332763426,0.000373427872546,0.0005116770626045,0.001146130496636
0.0004219316761009,0.0002800080692395,0.0002853866317309,0.0002928124740719,0.0002700785698834,0.0003224821412004,0.0003658443165477,0.0004692354705184,0.0006725406274199
0.0004215329827275,0.0002820431545842,0.000297575694276,0.000293362798402,0.0002654340642038,0.0003229043795727,0.0003479362349025,0.0004149805172346,0.0005583814927376
0.0003789694746956,0.0002846774295903,0.0002856635837815,0.0002998654963448,0.0002769235288724,0.0003172337601426,0.0003263408143538,0.0004049588460475,0.0005832053720951
0.0004220122355036,0.0002813221362885,0.0002840356319211,0.0002752058207988,0.0002564082387834,0.0003171810531057,0.0003018194111064,0.0004012870485894,0.0005019480595365
0.0004454676527529,0.0002854331687558,0.0002824751136358,0.0002753413864411,0.0002489641192369,0.0003002498997375,0.0003093185077887,0.0003928524674847,0.0004429544787853
0.0004111892485525,0.0002780879149213,0.0002618680882733,0.0002597181301098,0.0002417254436295,0.000301406806102,0.0002897857921198,0.0003732523473445,0.0003993125574197
0.0003887330531142,0.0002637166762724,0.0002538261178415,0.0002508739707991,0.0002405059058219,0.0003066439530812,0.0002954676165245,0.0003210342838428,0.0003875006223097
0.0003777014208026,0.0002838617074303,0.0002583080204203,0.0002650863316375,0.0002482695854268,0.0002927997265942,0.0002861273824237,0.0003250634472351,0.0003669059078674
0.0003733288031071,0.0002701010671444,0.0002514068328309,0.0002472740889061,0.0002415662020212,0.0002865416172426,0.0002699975739233,0.0003164030786138,0.0003628735430538
0.0003815991804003,0.0002631206298246,0.0002620124723762,0.0002548621268942,0.0002295408630743,0.0002791894366964,0.0002788599813356,0.000305215944536,0.000337126024533
0.0003850448993034,0.0002526689204387,0.0002502129063941,0.0002530037891119,0.0002262287598568,0.000256786996033,0.0002687210799194,0.0002869404270313,0.0003125880321022
0.0003743485140148,0.0002590718795545,0.0002545232127886,0.0002448472951073,0.0002307768154423,0.0002570094366092,0.0002478749374859,0.0002709724067244,0.0002866172289941
0.0003589499392546,0.0002534059458412,0.0002573841484263,0.0002369317226111,0.00022771480144,0.0002566705225035,0.0002551030484028,0.0002813341561704,0.0002950171474367
0.0003453734098002,0.0002550199860706,0.0002526277967263,0.0002259270404465,0.0002140244469046,0.0002548018237575,0.0002625468187034,0.0002619083679746,0.0002999392163474
0.0003533865965437,0.0002388314751442,0.0002537878463044,0.0002359357313252,0.0002220094756921,0.000238589811488,0.0002360172511544,0.0002565349859651,0.0002857686777133
0.0003399921115487,0.0002481385599821,0.0002478188544046,0.0002342384395888,0.0002148131316062,0.0002445276768412,0.0002519951667636,0.0002596018603071,0.0002702875644899
0.0003393178922124,0.0002441856195218,0.0002281799825141,0.0002202098257839,0.000201884220587,0.0002302423381479,0.0002359027566853,0.0002536028041504,0.0002623455948196
0.000371710921172,0.0002312091382918,0.0002511686179786,0.000223518218263,0.0002002508699661,0.0002341758809052,0.000230465142522,0.0002477303496561,0.0002538265543989
0.0004021091153845,0.0002521016867831,0.0002501218405086,0.0002140611468348,0.0002071697235805,0.0002316066238563,0.0002150146756321,0.0002313302538823,0.0002399387303739
0.0003301045217085,0.0002490755286999,0.0002323091903235,0.0002199972514063,0.0002127347543137,0.0002171247469959,0.0002256574807688,0.000230783742154,0.0002427506406093
0.000350147660356,0.0002236876171082,0.0002425783168291,0.0002170814259443,0.0002009265590459,0.0002152368833776,0.0002179946750402,0.00022591202287,0.0002439043746562
0.0003414404345676,0.0002357906632823,0.0002158164861612,0.0002244468632852,0.0001881845528259,0.0002148467465303,0.0002020317770075,0.0002283716166857,0.0002374764881096
0.0003470564261078,0.0002293093129992,0.0002269493415951,0.0002143473247997,0.0001917690678965,0.0002072876959573,0.0002203398325946,0.0002238441084045,0.0002303160727024
0.0003447589697316,0.0002228260564152,0.0002141338190995,0.000196264067199,0.0001799193851184,0.0002013518824242,0.0001948459685081,0.0002308771072421,0.0002184624609071
0.0003391143982298,0.0002180345472879,0.0002115881070494,0.000190802180441,0.0001814739225665,0.0001942393137142,0.0002124028542311,0.0002149560023099,0.0002254385908599
0.0003293734625913,0.0002276352897752,0.0002300943015143,0.000202458264539,0.0001930190483108,0.0001950388541445,0.0001991785538848,0.0002116986870532,0.0002040566614596
0.000348626752384,0.0002112588263116,0.0002064428554149,0.0002106130705215,0.0001746652123983,0.0002053786301985,0.0001955615589395,0.0002174102410208,0.000209041434573
0.0003882492601405,0.0002225056814495,0.0002007829025387,0.0001933886960614,0.000177700392669,0.0001966230920515,0.0001923910022014,0.000192467981833,0.0001982744288397
0.0003193892480339,0.0002152826200472,0.0001979927765205,0.0001869099069153,0.0001699631975498,0.0001953586324816,0.0001910192222567,0.0002001945977099,0.0001947214623214
0.0003954395942855,0.0002172385138692,0.0001953098399098,0.0001937111519509,0.0001651191851124,0.0001928492565639,0.000185166922165,0.0001959827641258,0.0001966596464626
0.0004341757157817,0.0002237528096884,0.0001933591847773,0.0001910663268063,0.0001681675203144,0.0001912415609695,0.0001740258885547,0.0001916103356052,0.0001890277490019
0.0003797653189394,0.0002128516498487,0.0002010801981668,0.0001836533192545,0.0001703551824903,0.0001908144768094,0.0001791901449905,0.0001817986776586,0.0001897829351946
0.0003584815713111,0.000201741757337,0.0002006190770771,0.0001928866840898,0.0001760419690981,0.0001945684489328,0.0001777407596819,0.0001772800897015,0.0001899064227472
0.0003349827311467,0.0002068667090497,0.0002019272360485,0.00017224039766,0.0001593813940417,0.000176331741386,0.0001649864425417,0.0001853448193287,0.0001762123720254
0.000554819300305,0.0001941033697221,0.0001961328962352,0.0001880885538412,0.0001562948309583,0.0001793299161363,0.0001625812874408,0.0001777550496626,0.0001817036245483
0.0003306479484308,0.000211963255424,0.0001878078328445,0.0001675549719948,0.0001503593666711,0.0001712503726594,0.000161905947607,0.0001723331806715,0.0001699540007393
0.0003308107261545,0.0002015073550865,0.0001921472721733,0.0001648304169066,0.0001530294393887,0.0001687984913587,0.0001565237471368,0.0001697279076324,0.0001645583542995
0.0004450537962839,0.0001921970688272,0.0001861098862718,0.0001706948532955,0.0001655952801229,0.0001726532063912,0.0001646440214244,0.0001716440165182,0.0001660088601056
0.0006222625961527,0.0001914877211675,0.0001858383766375,0.0001717330305837,0.0001481865620007,0.0001620918337721,0.0001548181899124,0.0001574904017616,0.0001589234307175
0.0005221191095188,0.0001985645649256,0.0001849828404374,0.0001761674066074,0.0001528309076093,0.0001634986838325,0.0001613104395801,0.0001613484637346,0.0001726198388496
0.0003761552507057,0.0001951749436557,0.0001811356341931,0.000167388934642,0.0001491058792453,0.0001666503376327,0.0001591099717188,0.0001555543422,0.0001648951874813
0.0003121744375675,0.0001809979148674,0.0001836544688558,0.0001667312753852,0.0001485312241129,0.000160592404427,0.0001553471811348,0.0001623456773813,0.000157516420586
0.0003411672951187,0.0002000469394261,0.0001767478679539,0.000164797049365,0.0001414917933288,0.0001626342418603,0.0001428614632459,0.0001669246121309,0.0001662703143665
0.0003632852458395,0.0001848711981438,0.0001787520304787,0.0001586559519637,0.0001475455646868,0.0001633476349525,0.0001447990653105,0.0001505057880422,0.0001542618992971
0.0003827518376056,0.0001862055360106,0.0001728291827021,0.0001670326164457,0.0001364366908092,0.0001609156606718,0.0001469339331379,0.000155335466843,0.0001542253157822
0.000383806444006,0.0001850957924034,0.0001740516017889,0.0001491807342972,0.0001500380167271,0.0001553583424538,0.0001482251100242,0.0001458344049751,0.0001515012991148
0.000405436992878,0.0001835180155467,0.0001731513766571,0.0001494091120548,0.0001424071670044,0.0001569137966725,0.0001447811373509,0.0001491360599175,0.0001407362724421
0.0003942976472899,0.0001837212184909,0.0001605297293281,0.0001439625630155,0.0001427549286745,0.0001594731002114,0.0001439666375517,0.0001406068040523,0.000153070082888
0.0003840971039608,0.0001802956103347,0.0001619541144464,0.0001559627853566,0.0001322891621384,0.0001532259921077,0.0001411121629644,0.0001469649141654,0.000145100406371
0.0003729313611984,0.0001785870408639,0.0001670929777901,0.0001569186133565,0.0001307615748373,0.0001435019366908,0.0001403940550517,0.0001450013078283,0.0001334652188234
0.0003771755727939,0.0001801968319341,0.0001562941179145,0.0001565153943374,0.0001368280645692,0.0001466099201934,0.0001372073311358,0.0001401657500537,0.0001383933704346
0.0008253341075032,0.0001734084798954,0.0001559079100843,0.0001419789914507,0.0001351903483737,0.000147101454786,0.00013128638966,0.0001366158539894,0.0001361395407002
0.0003460700099822,0.0001733736280584,0.0001631911727599,0.0001404901558998,0.0001392147387377,0.0001478777994634,0.0001277218543691,0.0001327310455963,0.0001283502933802
0.0007105775293894,0.0001752193493302,0.0001607182057341,0.0001436904130969,0.0001306550111621,0.00013580758241,0.0001314547698711,0.0001316027774009,0.0001345219498034
0.0003487288195174,0.0001633103966014,0.0001592480693943,0.0001359552843496,0.0001285736361751,0.0001430264383088,0.0001228951732628,0.0001343430776614,0.0001320238661719
0.0004339438746683,0.0001690059434622,0.0001574358175275,0.0001362157345283,0.0001311202067881,0.0001355237327516,0.0001287792547373,0.0001395431609125,0.0001240024284925
0.0005290736444294,0.0001769257942214,0.0001519191719125,0.0001411605189787,0.0001284007739741,0.0001411676203133,0.0001280534052057,0.000134714617161,0.0001238353288499
0.0004999891389161,0.0001712207158561,0.0001555413473397,0.0001389352109981,0.0001208167668664,0.0001363908959319,0.000120820448501,0.0001355776912532,0.0001188063106383
0.0004180790274403,0.0001739026629365,0.0001529736910015,0.000132704823045,0.0001181778716272,0.0001320456212852,0.0001242713478859,0.0001236560055986,0.0001296527771046
0.0005628611543215,0.0001632870553294,0.0001613132189959,0.0001414020516676,0.0001168778326245,0.0001267753832507,0.0001166431902674,0.0001205916560138,0.0001277633418794
0.0003593098954297,0.0001654998632147,0.0001483507803641,0.0001315611880272,0.0001291254156967,0.0001363545597996,0.0001186098888865,0.0001266936887986,0.0001163546548923
0.0003747096343431,0.0001559250522404,0.0001529703731648,0.000140504038427,0.0001203716601594,0.000128427389427,0.0001218523320858,0.0001257923431694,0.000120232856716
0.0003647289704531,0.0001685777970124,0.0001399604370817,0.0001275367976631,0.0001211572671309,0.0001314346882281,0.0001199998660013,0.0001172498450614,0.0001133886398747
0.000383278587833,0.0001616971130715,0.0001413526624673,0.0001269149070139,0.0001195280347019,0.0001268148771487,0.0001194415672216,0.000123892474221,0.0001131207391154
0.0004741968878079,0.0001601294206921,0.0001443014916731,0.0001381906331516,0.0001162508997367,0.0001304050238104,0.0001183979038614,0.0001141010507126,0.0001148619703599
0.0004437492461875,0.0001656112726777,0.000145365629578,0.0001311390369664,0.000119585696666,0.0001277523406315,0.0001165924913948,0.0001149759482359,0.0001191330593428
0.0003781852428801,0.0001563803089084,0.0001338858855888,0.0001225138548761,0.0001171167677966,0.0001204773434437,0.0001106856143451,0.000114611670142,0.0001174974022433
0.0003175194724462,0.0001550310989841,0.0001485456741647,0.0001296307018492,0.000110364271677,0.0001266371400561,0.0001140845997724,0.0001141443863161,0.0001114361439249
0.0003196318284608,0.0001626854063943,0.0001405281655024,0.0001338804868282,0.0001142172186519,0.0001240533019881,0.0001127733703469,0.0001126733550336,0.0001096552150556
0.0003222826635465,0.000155000743689,0.0001363900810247,0.0001261224097106,0.0001136637438321,0.0001244228624273,0.0001131978278863,0.0001152001641457,0.0001086872362066
0.000310034956783,0.0001546462299302,0.0001404884533258,0.0001277183037018,0.0001132360193878,0.0001249396591447,0.0001042736403178,0.0001122682297136,0.0001024128796416
0.0003206763649359,0.0001523347891634,0.000145579004311,0.000123764242744,0.0001087304990505,0.0001219040859723,0.0001102272581192,0.0001137443905463,0.0001053266387316
0.0003066853969357,0.0001506990083726,0.0001303634053329,0.000129823340103,0.000111411405669,0.0001144432026194,0.0001025411111186,0.0001120047381846,0.0001012880456983
0.0003078110748901,0.0001515203766757,0.0001387138763675,0.0001232038193847,0.000105165199784,0.0001196309021906,0.0001012938591884,0.0001063263043761,9.9835844594e-05
0.000303721637465,0.0001439712068531,0.0001346607459709,0.0001229018089361,0.0001074822939699,0.0001198027384816,0.0001081601221812,0.0001139438973041,0.0001038877962855
0.0002995025133714,0.0001491178118158,0.0001281054137507,0.0001221760321641,0.0001083275710698,0.0001125383714679,9.96074231807e-05,0.0001043165102601,0.0001061988295987
0.0003250284062232,0.0001586966245668,0.0001438438048353,0.0001267315528821,0.0001035555033013,0.0001127272262237,0.0001057627669069,0.0001118660366046,9.49982641031e-05
0.0002976013929583,0.0001512298040324,0.0001330759259872,0.0001261672732653,0.0001052045554388,0.000113366280857,0.000108478081529,0.0001087440468836,9.92306449916e-05
0.0003011730150319,0.0001581115939188,0.0001441929780412,0.0001253267546417,0.0001001912387437,0.000114724098239,9.94309957604e-05,0.0001098221619031,9.4608971267e-05
0.0003258976794313,0.0001447837421437,0.0001322487369179,0.0001179460596176,0.0001072816157829,0.0001082483504433,9.85522492555e-05,0.000105605693534,9.78558455244e-05
0.0003082212060689,0.0001467899273848,0.0001298287825193,0.0001220742415171,0.0001045013777911,0.0001135948987212,0.000103109057818,0.0001004808145808,9.63094644248e-05
0.0002774753957055,0.000143572295201,0.0001296931295655,0.0001202484418172,0.0001022975193336,0.0001120646920753,0.0001073107414413,9.72637353697e-05,9.17866709642e-05
0.0002819871006067,0.0001450110721634,0.0001318773429375,0.0001197346718981,9.69212414929e-05,0.0001060296053765,0.0001054138556355,9.72737761912e-05,9.3410606496e-05
0.0002877104561775,0.0001458535698475,0.0001376166183035,0.0001202604180434,0.000106515653897,0.0001111481979023,0.0001006189413601,0.0001051524741342,9.75199873209e-05
0.0002684495411813,0.0001408983953297,0.0001242338330484,0.0001157128863269,0.0001025673118419,0.0001103560207411,9.33986448217e-05,9.54017887124e-05,8.86414636624e-05
0.000274664023891,0.0001418207539245,0.0001239654811797,0.0001110529701691,9.65726940194e-05,0.0001103262620745,9.88127139862e-05,9.53523995121e-05,8.82083404576e-05
0.000291889096843,0.0001398321182932,0.0001253588416147,0.0001168027083622,0.0001004519435809,0.0001081765876733,9.25531276152e-05,9.3488532002e-05,8.95572156878e-05
0.0002811925369314,0.0001380688190693,0.0001262213190784,0.0001133224723162,9.99278854578e-05,0.0001091087178792,9.29103553062e-05,9.7270894912e-05,8.99874721653e-05
0.0002623269683681,0.0001396960869897,0.0001290788641199,0.0001095569023163,9.71559929894e-05,0.0001073241874109,9.16970093385e-05,9.71564877545e-05,8.77446436788e-05
0.0002551687648519,0.0001355502899968,0.0001261210563825,0.0001148392620962,0.0001021259377012,0.0001079739013221,0.0001001616255962,9.15725686354e-05,8.81493324413e-05
0.0002595623373053,0.000138468138175,0.0001262842997675,0.0001113244943553,9.41341349971e-05,0.0001063497984432,9.88108076853e-05,9.10488597583e-05,8.69418945512e-05
0.0002688341774046,0.0001331706444034,0.00012661209621,0.0001095278930733,9.80492332018e-05,0.0001066877084667,9.0762914624e-05,9.53263152041e-05,8.6562213255e-05
0.0003233038878533,0.0001766974455676,0.0001537574717076,0.0001231319765793,0.000104886428744,0.0001204261207021,0.0001027076214086,0.0001082054368453,9.00380255188e-05
0.0004035026649944,0.0001470679126214,0.0001402708294335,0.0001119063235819,9.69659886322e-05,0.0001060216454789,9.37973236432e-05,9.30008100112e-05,8.31136567285e-05
0.0002499619149602,0.0002070571645162,0.0001513939350843,0.0001321837771683,0.0001174311182694,0.0001398140302626,0.0001263763697352,0.0001199178368551,8.06556490715e-05
0.0003428239142522,0.000207199685974,0.0001753125834511,0.000131683438667,0.0001009582265396,0.000104753220512,9.8871460068e-05,9.04097614693e-05,8.05569070507e-05
0.0003740526153706,0.0001450611453037,0.0001440422201994,0.0001064945099642,9.69224784057e-05,0.0001113744801841,9.990313265e-05,0.0001065440155798,8.46044713398e-05
0.0002787030825857,0.0001705860631773,0.0001256959221791,0.0001300432195421,0.0001174032950075,0.0001425311347702,0.0001270881330128,0.0001135284401243,7.86924938438e-05
0.0002584659087006,0.0001807022490538,0.0001423184294253,0.0001173177442979,9.6906296676e-05,0.0001052353036357,9.33108094613e-05,9.8409524071e-05,7.85898664616e-05
0.0002656155847944,0.0001605192082934,0.0001554601622046,0.0001089852885343,9.87805397016e-05,0.0001050389328156,9.36542492127e-05,0.0001008878025459,7.74584477767e-05
0.0002758720656856,0.0001372927363263,0.0001297488925047,0.0001072688319254,0.0001059503920259,0.0001242032158188,0.0001136712817242,0.0001031465362757,7.80186528572e-05
0.0002999342395924,0.0001371079706586,0.0001209584297612,0.0001124744012486,9.57626471063e-05,0.000104957493022,9.27937653614e-05,8.70033400133e-05,7.89511032053e-05
0.0002472652704454,0.0001593757478985,0.0001261703291675,0.0001189611211884,9.21525497687e-05,9.82051715254e-05,9.3758215371e-05,9.42564511206e-05,7.64206051826e-05
0.0002478734240867,0.0001554543705424,0.0001438530453015,0.0001093610844691,9.28520530578e-05,9.76305964286e-05,9.34348208829e-05,9.22684412216e-05,7.62834970373e-05
0.0002470414619892,0.0001453323784517,0.0001313644897891,0.0001065557735273,8.98171856533e-05,9.95559676084e-05,8.88147624209e-05,8.6884254415e-05,7.56665540393e-05
0.0002666550280991,0.0001303636672673,0.0001319840666837,0.0001049547718139,9.16462668101e-05,0.000102343285107,8.80724692251e-05,8.69269788381e-05,7.46982113923e-05
0.0002524821320548,0.0001331163948634,0.0001229538902407,0.0001087424097931,8.76159901963e-05,0.0001014578883768,9.18037694646e-05,9.18069126782e-05,7.97420798335e-05
0.0002380377118242,0.0001380310859531,0.0001248526823474,0.000105484155938,8.87289061211e-05,0.0001018897091853,8.9388428023e-05,8.74849865795e-05,7.25028075976e-05
0.0002444438287056,0.0001377690205117,0.0001256660907529,0.0001007147366181,8.98523867363e-05,9.86337472568e-05,9.22196777537e-05,8.65856200107e-05,7.60292896302e-05
0.0002462104312144,0.0001311243686359,0.0001158053783001,0.0001063942763721,8.93921314855e-05,9.82981728157e-05,8.36827457533e-05,8.79916042322e-05,7.42021875339e-05
0.0002552548539824,0.000126675426145,0.0001137423241743,0.0001050144637702,8.46649272716e-05,9.31729882722e-05,8.67431081132e-05,8.13703081803e-05,7.12845358066e-05
0.0002352189912926,0.0001278647250728,0.0001230867783306,0.0001010716368909,8.93820688361e-05,0.0001015012167044,8.96347773959e-05,8.80368606885e-05,7.44487479096e-05
0.0002350174036109,0.0001279476564377,0.0001184710708912,9.99249459709e-05,8.65155016072e-05,9.50239045778e-05,8.1938203948e-05,8.10161582194e-05,7.42032716516e-05
0.0002341454965062,0.0001298185088671,0.0001129816009779,0.0001037543843267,8.30117351142e-05,9.73498827079e-05,8.81869636941e-05,8.5471998318e-05,7.2308590461e-05
0.00023749153479,0.0001285487960558,0.0001174084100057,0.0001007805549306,9.26241773413e-05,0.0001000341726467,8.4969389718e-05,8.12486396171e-05,6.91653767717e-05
0.0002225396310677,0.0001234105002367,0.0001221031416207,9.60301622399e-05,8.61674780026e-05,9.74658905761e-05,8.8938002591e-05,8.91696254257e-05,7.2643320891e-05
0.0002385018451604,0.0001209961919812,0.0001203852079925,9.93155990727e-05,8.41824803501e-05,0.0001026856043608,8.24796370579e-05,8.26134200906e-05,7.25297722965e-05
0.0002331108989892,0.0001215400116052,0.0001163853594334,9.56267031142e-05,8.1855636381e-05,9.35782736632e-05,8.19868437247e-05,8.44749520183e-05,6.79639633744e-05
0.0002284388028783,0.000126226368593,0.0001136138234869,9.81425691861e-05,8.26861942186e-05,9.34678828343e-05,8.74623292475e-05,8.40394204715e-05,6.96263014106e-05
0.0002367291308473,0.0001258434349438,0.0001154504716396,0.0001023076620185,8.2193291746e-05,9.25245039979e-05,8.13577353255e-05,8.32982477732e-05,6.72533569741e-05
0.0002238676534034,0.0001236607931787,0.0001145583519246,9.44355488172e-05,8.57785562402e-05,9.01873208931e-05,7.84320363891e-05,8.43388115754e-05,7.00240780133e-05
0.0002105696621583,0.0001280653377762,0.0001133583282353,9.3404931249e-05,8.3863029431e-05,8.79799335962e-05,8.27220210339e-05,8.56849292176e-05,6.71956295263e-05
0.0002255569852422,0.0001167597802123,0.0001107177813537,0.0001005412632366,8.29029304441e-05,9.18630539672e-05,8.18130865809e-05,7.63913849368e-05,7.12380788172e-05
0.0002100187703035,0.0001212778588524,0.0001068820929503,9.66793886618e-05,7.97402826719e-05,9.35060234041e-05,7.74116779211e-05,8.1178608525e-05,6.87404171912e-05
0.0002154537069145,0.0001259387936443,0.0001065712422132,9.98540199361e-05,7.75382795836e-05,9.04221815289e-05,7.77328605181e-05,8.31719953566e-05,6.61871454212e-05
0.0002147786435671,0.0001258522534044,0.0001117412612074,9.10189264686e-05,8.24287926661e-05,9.36329888645e-05,8.33091835374e-05,7.73631327319e-05,6.65961561026e-05
0.0002113835362251,0.0001274982641916,0.000114083297376,9.5816416433e-05,8.30826320452e-05,9.36389333219e-05,8.21753492346e-05,8.44793830765e-05,6.76710333209e-05
0.0002082034188788,0.0001204833606607,0.0001048566045938,9.42358383326e-05,7.61198316467e-05,8.97987556527e-05,7.45779543649e-05,7.90406993473e-05,6.81277160765e-05
0.0002166337217204,0.0001181802654173,0.0001095886109396,9.07948706299e-05,8.29844502732e-05,8.82718013599e-05,7.46574514778e-05,7.57043162593e-05,7.18837618478e-05
0.0002039769460679,0.0001177106169052,0.0001133312325691,9.34108829824e-05,7.8531433246e-05,9.15915588848e-05,7.35614594304e-05,7.60239563533e-05,6.79600198054e-05
0.0002037135127466,0.0001197438978124,0.0001013336586765,9.35001007746e-05,8.11685458756e-05,8.77079874044e-05,8.03606817498e-05,8.50899377837e-05,6.36591066722e-05
0.0001990599557757,0.0001160571628133,0.0001016669848468,9.57017618929e-05,7.47656376915e-05,8.73781827976e-05,7.98022956587e-05,7.67932360759e-05,6.96925271768e-05
0.0002130864741047,0.0001125411654356,0.0001082666422007,9.10215021576e-05,7.87426470196e-05,8.69339128257e-05,8.03531365818e-05,7.65095101087e-05,6.52532908134e-05
0.0001993089099414,0.0001156416983576,0.0001054222957463,8.84157780092e-05,7.50225008232e-05,8.20756249595e-05,7.79017136665e-05,7.81279377406e-05,6.79806689731e-05
0.0002087856119032,0.0001168987073469,0.000107633502921,9.15007403818e-05,7.75544613134e-05,8.95539778866e-05,7.75439548306e-05,7.67742312746e-05,6.62418169667e-05
0.0001934808969963,0.0001147476577898,0.00010544982797,9.28876761463e-05,7.89322002674e-05,8.68018832989e-05,7.96342355897e-05,7.68718891777e-05,6.18772392044e-05
0.0002090640482492,0.0001158127342932,0.0001012002830975,9.21551400097e-05,7.39651586627e-05,8.31112993182e-05,7.30924075469e-05,7.60274997446e-05,6.47909619146e-05
0.0001966564741451,0.0001150644384324,0.000110544002382,9.12721880013e-05,7.30292667867e-05,8.87829301063e-05,7.1899012255e-05,7.56762601668e-05,6.34442912996e-05
0.0002103969454765,0.0001124124391935,0.0001012092834571,8.56627739267e-05,7.52618725528e-05,8.54040845297e-05,7.29402163415e-05,7.43876298656e-05,6.24249951215e-05
0.0002079833357129,0.0001204894288093,0.0001066577824531,8.97914724191e-05,8.16679457784e-05,8.58653365867e-05,7.93411963968e-05,9.21058308449e-05,6.56339980196e-05
0.000200439186301,0.0001083008028217,0.000102614678326,8.94127442734e-05,7.49171740608e-05,8.36102990433e-05,7.35131470719e-05,7.46329460525e-05,6.19756610831e-05
0.0001862778153736,0.0001295706024393,0.0001049354832503,8.95714838407e-05,8.38144187582e-05,7.96911481302e-05,7.72785715525e-05,8.68298666318e-05,6.28822017461e-05
0.0002021744294324,0.0001077584893209,9.76147930487e-05,8.87626883923e-05,7.7194374171e-05,7.82699571573e-05,7.44804128771e-05,8.01913192844e-05,6.42173399683e-05
0.0001893288135761,0.0001155097852461,9.62350459303e-05,8.38221312733e-05,7.50697654439e-05,8.62254601088e-05,7.07936633261e-05,7.20120515325e-05,6.34870157227e-05
0.0001962521928362,0.0001076053449651,0.0001052630686899,8.37974876048e-05,7.14262278052e-05,8.5420673713e-05,7.34148052288e-05,7.21554533811e-05,6.24955573584e-05
0.0001898290647659,0.0001070883809006,0.000100750105048,8.82721069501e-05,7.23626435501e-05,8.07723408797e-05,7.07741346559e-05,7.74739892221e-05,6.02251675445e-05
0.0002013521298067,0.0001124390400946,9.59402532316e-05,8.76823323778e-05,7.53635031287e-05,8.08898039394e-05,7.26643047528e-05,7.51116604078e-05,5.91244315728e-05
0.0001849116233643,0.0001109677687054,9.73740170593e-05,8.67990893311e-05,7.35400535631e-05,8.44473470351e-05,7.28727536625e-05,7.4707873864e-05,6.14224627497e-05
0.0002019544190261,0.0001101108282455,9.65157378232e-05,8.2705009845e-05,7.68247264204e-05,8.16710671642e-05,7.48210877645e-05,7.12513428879e-05,5.92574688198e-05
0.0002015460340771,0.000109768792754,0.0001043754746206,8.33976737339e-05,7.40691175451e-05,8.43448069645e-05,7.1833608672e-05,7.2802278737e-05,6.03843654971e-05
0.00018471700605,0.0001149589661508,9.56900184974e-05,8.59756037243e-05,7.57061498006e-05,8.38368432596e-05,7.13177287252e-05,7.4778086855e-05,5.78409344598e-05
0.0001888032711576,0.0001046887628035,0.0001042125368257,8.55219986988e-05,7.25791032891e-05,7.56685112719e-05,7.05275306245e-05,7.23016273695e-05,5.79952975385e-05
0.0001842459023464,0.0001059934293152,9.98355535557e-05,8.51756703923e-05,7.21985634299e-05,8.02083814051e-05,6.76766940159e-05,6.83239923091e-05,5.8657831687e-05
0.000187974437722,0.0001130365999415,0.0001030914427246,8.22758011054e-05,7.03177502145e-05,7.98177061369e-05,7.00047021382e-05,7.1451664553e-05,5.79572661081e-05
0.0001918617781484,0.0001092613092623,9.39841993385e-05,8.74668185133e-05,7.04559934092e-05,7.92710197856e-05,6.7620894697e-05,7.10169406374e-05,5.7647783251e-05
0.0002053051139228,0.000137876777444,0.0001057830668287,8.83884204085e-05,7.73698266129e-05,7.95903324615e-05,8.54785539559e-05,8.34362581372e-05,6.769625179e-05
0.0001863718207459,0.0001063793897628,9.79571486823e-05,8.26432587928e-05,7.30962783563e-05,7.55236978875e-05,7.69724574638e-05,6.92833855282e-05,7.95687446952e-05
0.0001997919607674,0.0001350815582554,0.0001037068795994,8.38818086776e-05,8.14117520349e-05,8.13126971479e-05,8.28744960017e-05,8.33157682791e-05,6.20529608568e-05
0.0001796865690266,0.0001062402734532,9.63035781751e-05,8.98091820999e-05,7.77281165937e-05,8.1056903582e-05,8.19983251858e-05,7.24645360605e-05,8.64230678416e-05
0.0001919308415381,0.0001287120685447,0.0001064425086951,8.66792397573e-05,7.92823193478e-05,8.23910086182e-05,9.12866089493e-05,8.29022901598e-05,6.90399756422e-05
0.0001882416836451,0.0001055641259881,9.58899981924e-05,8.75662371981e-05,7.08185325493e-05,7.35169305698e-05,7.22474069334e-05,6.73155591357e-05,7.8382785432e-05
0.0001890478306449,0.0001026817626552,9.8835924291e-05,8.12305661384e-05,7.75343651184e-05,7.98283144831e-05,8.02841823315e-05,7.03674013493e-05,6.47917331662e-05
0.0001909489365061,0.0001190455514006,0.0001000477786874,7.92862701928e-05,7.55271321395e-05,7.90367048466e-05,7.89459154475e-05,7.74069922044e-05,7.19164672773e-05
0.0002070351329166,0.0001252036599908,9.96490125544e-05,8.39722342789e-05,6.73010654281e-05,7.98677647253e-05,7.45043071219e-05,7.47921076253e-05,6.19875063421e-05
0.0001729900250211,0.0001044710807036,9.12776449695e-05,8.40889697428e-05,7.61361370678e-05,8.25684182927e-05,7.93745057308e-05,7.25743884686e-05,6.80587327224e-05
0.0001832716952776,0.0001063570671249,9.54082643147e-05,8.26884497655e-05,7.29239036445e-05,7.68833633628e-05,7.2648130299e-05,6.9498171797e-05,6.65379629936e-05
0.0001789594243746,0.0001065305623342,9.46690997807e-05,7.97904358478e-05,7.0881054853e-05,7.83204814069e-05,7.09699961589e-05,6.51721202302e-05,5.82641732762e-05
0.000194120890228,0.000104410581116,9.6646566817e-05,8.43992238515e-05,7.46712685213e-05,7.88871839176e-05,7.10693857399e-05,7.16765571269e-05,6.07890906394e-05
0.0002023270935751,0.0001005539234029,9.30609530769e-05,7.83114010118e-05,7.12976470822e-05,7.76398592279e-05,7.05541096976e-05,7.18620140105e-05,6.19530401309e-05
0.0002123903832398,9.93695066426e-05,9.63731872616e-05,8.10210476629e-05,6.80087250657e-05,8.51038930704e-05,6.79786680848e-05,6.71728921588e-05,5.81332897127e-05
0.0002644053893163,9.94150323094e-05,0.0001032034633681,8.42442532302e-05,7.80938935349e-05,8.29629643703e-05,7.2918497608e-05,7.37104346626e-05,6.23350933892e-05
0.0001875791931524,0.0001019884439301,9.20404854696e-05,7.95853993622e-05,6.9345740485e-05,7.27860679035e-05,6.7632223363e-05,6.69056171318e-05,5.98658734816e-05
0.0001801408507162,9.99194162432e-05,9.2577189207e-05,7.95509986346e-05,6.90707020112e-05,7.41618569009e-05,6.6848071583e-05,6.41722508589e-05,5.80709456698e-05
0.0002279535983689,0.0001024448283715,0.0001007038008538,8.19815904833e-05,7.10501626599e-05,7.85485462984e-05,6.93581678206e-05,6.77344360155e-05,5.85834131925e-05
0.0002177661954192,0.0001076760454452,9.67407104326e-05,7.66507655498e-05,7.06905557308e-05,7.68406462157e-05,7.33328342903e-05,7.23383272998e-05,5.98492370045e-05
0.0001932983723236,0.0001027026955853,9.28267400013e-05,7.93863364378e-05,6.95526468916e-05,7.27264268789e-05,7.0922600571e-05,6.83379621477e-05,5.738083928e-05
0.0001836799638113,9.61505502345e-05,9.2853733804e-05,7.67863966757e-05,7.12071196176e-05,7.62983618187e-05,6.51718291919e-05,6.54977484373e-05,5.57939092686e-05
0.0001952396414708,9.73115602391e-05,9.66993975453e-05,7.67787278164e-05,7.3221999628e-05,7.15016649337e-05,7.07782164681e-05,6.80100347381e-05,5.68575487704e-05
0.0001838687167037,9.78926836978e-05,9.31488393689e-05,7.64488504501e-05,6.67146232444e-05,7.25013233022e-05,7.07989674992e-05,6.70574590913e-05,5.76982602069e-05
0.0001886081154225,0.0001018760958686,9.11626484594e-05,7.69731414038e-05,6.89453227096e-05,6.99501397321e-05,6.67333952151e-05,6.49649300612e-05,5.40888140676e-05
0.0001850265689427,9.88613028312e-05,9.18590594665e-05,7.73765568737e-05,6.60826990497e-05,7.11864340701e-05,6.53654133202e-05,6.45783293293e-05,5.48213174624e-05
0.0001871237909654,0.0001048244885168,9.48941160459e-05,7.95710366219e-05,6.26906112302e-05,7.49951650504e-05,6.60002770018e-05,6.99519659974e-05,5.52369019715e-05
0.0001673609367571,0.0001014732551993,8.64485191414e-05,7.74814761825e-05,6.38474302832e-05,7.48781531001e-05,6.55744952382e-05,6.4122286858e-05,5.58385654585e-05
0.0001724150206428,9.68128588283e-05,9.26713837543e-05,7.54338179831e-05,6.51574810035e-05,7.009950059e-05,6.44237588858e-05,6.39396675978e-05,5.30264369444e-05
0.0001863383658928,9.75963775999e-05,8.55334365041e-05,7.64149517635e-05,6.42363884253e-05,6.88147410983e-05,6.24772510491e-05,6.28048437647e-05,5.15054598508e-05
0.0001627100864425,9.84216894721e-05,8.93007018021e-05,7.3310053267e-05,6.65886036586e-05,6.89690714352e-05,6.71528905513e-05,6.34821917628e-05,5.41657755093e-05
0.0001753410178935,9.47291118791e-05,8.41796572785e-05,7.40433388273e-05,6.12903240835e-05,6.93859910825e-05,6.19120473857e-05,6.28940179012e-05,5.13707709615e-05
0.000172485524672,9.6431314887e-05,8.8958593551e-05,7.61049450375e-05,6.3107087044e-05,7.0924841566e-05,6.13602023804e-05,6.21728831902e-05,5.17951084475e-05
0.0001718437997624,9.72880516201e-05,8.96429701242e-05,7.38493254175e-05,6.25998654868e-05,6.97979558026e-05,6.27901172265e-05,6.10669594607e-05,5.49202231923e-05
0.0001680917339399,9.53965791268e-05,8.83360480656e-05,7.81490962253e-05,6.63707032799e-05,7.19875970389e-05,6.14036689512e-05,6.46531261736e-05,5.5376891396e-05
0.0001809790264815,9.68154126894e-05,9.27467626752e-05,8.00834313849e-05,6.22870284132e-05,7.35063949832e-05,6.36063705314e-05,5.91201751376e-05,5.23016933584e-05
0.000167623249581,9.75556104094e-05,8.67767739691e-05,7.64923897804e-05,6.08179179835e-05,7.13444969733e-05,6.01775209361e-05,6.18878111708e-05,5.78837498323e-05
0.0001821840123739,9.04208936844e-05,9.03733453014e-05,7.51284896978e-05,6.52255330351e-05,7.22835029591e-05,6.00445309828e-05,6.19213096797e-05,5.30115139554e-05
0.0001896457833936,9.5542112831e-05,9.17345896596e-05,7.36021684133e-05,6.54543327982e-05,7.25214194972e-05,6.29803325864e-05,6.17150217294e-05,5.17289081471e-05
0.0001842678757384,9.03460168046e-05,8.49788048071e-05,7.18145238352e-05,6.01815263507e-05,6.6560722189e-05,6.30359791102e-05,6.15012468188e-05,5.2830648201e-05
0.0001649928890401,9.53865455812e-05,8.83759639691e-05,7.51437910366e-05,6.08975533396e-05,6.82192112435e-05,5.97287944401e-05,5.80285486648e-05,5.24909446539e-05
0.0001779550511855,9.0534435003e-05,8.83074681041e-05,7.7212229371e-05,6.29772839602e-05,6.84002880007e-05,6.39781064819e-05,6.2464387156e-05,5.07483491674e-05
0.0001924786047311,9.48808883549e-05,9.01564126252e-05,7.7553660958e-05,6.44759566057e-05,6.79918593959e-05,5.98417318542e-05,6.09595299465e-05,5.32995036337e-05
0.0001686811010586,8.78859573276e-05,8.28445918159e-05,7.60600305511e-05,6.36567274341e-05,7.20506504876e-05,6.12804069533e-05,5.69704861845e-05,5.1268714742e-05
0.0001748243230395,8.89248476596e-05,8.71428201207e-05,7.35206485842e-05,6.21961517026e-05,6.94876798661e-05,6.04747110628e-05,6.25123939244e-05,5.32341509824e-05
0.0001691868965281,8.82871972862e-05,8.27120311441e-05,7.44632561691e-05,5.78934123041e-05,6.74956390867e-05,6.27924455329e-05,6.13413358223e-05,5.15563806402e-05
0.0001694874954409,8.75411642482e-05,8.20370478322e-05,7.23275588825e-05,6.28183261142e-05,6.48372370051e-05,6.23753803665e-05,6.08141162956e-05,5.06409996887e-05
0.0001872597495093,9.17653378564e-05,8.45027025206e-05,7.04670819686e-05,6.04737106186e-05,6.6258420702e-05,6.05997847742e-05,6.03778935328e-05,5.26189396623e-05
0.0001633772044442,8.81211235537e-05,8.20739078335e-05,7.20189127605e-05,5.81944477744e-05,6.68975990265e-05,5.81470085307e-05,5.80889318371e-05,5.18583474331e-05
0.0001561478711664,8.73080134624e-05,8.40300708659e-05,6.76396157359e-05,5.97201578784e-05,6.69419532641e-05,5.64350448257e-05,5.65478549106e-05,4.82035866298e-05
0.0001676528045209,8.63377645146e-05,8.54135942063e-05,7.16787471901e-05,5.87242466281e-05,6.85849809087e-05,6.03879016125e-05,6.16636534687e-05,5.13002160005e-05
0.0001670879282755,8.49754578666e-05,8.3370206994e-05,6.68542779749e-05,6.22304360149e-05,6.32457158644e-05,6.13264201092e-05,5.88155089644e-05,5.03413393744e-05
